{"cameraMode":{"drawMode":0,"name":"Shaded","section":"Shading Mode"},"sceneLighting":false,"audioPlay":false,"sceneViewState":{"m_AlwaysRefresh":false,"showFog":true,"showSkybox":false,"showFlares":true,"showImageEffects":true,"showParticleSystems":true,"showVisualEffectGraphs":true,"m_FxEnabled":true},"in2DMode":false,"pivot":{"x":1.5295042991638184,"y":-0.17576166987419129,"z":-0.7152875065803528},"rotation":{"x":0.05512825399637222,"y":0.042214300483465198,"z":0.002273791702464223,"w":-0.9978182911872864},"size":0.540988564491272,"orthographic":false}