{"cameraMode":{"drawMode":0,"name":"Shaded","section":"Shading Mode"},"sceneLighting":true,"audioPlay":false,"sceneViewState":{"m_AlwaysRefresh":false,"showFog":true,"showSkybox":true,"showFlares":true,"showImageEffects":true,"showParticleSystems":true,"showVisualEffectGraphs":true,"m_FxEnabled":true},"in2DMode":false,"pivot":{"x":-0.2962903082370758,"y":0.4601743519306183,"z":-0.8217949867248535},"rotation":{"x":-0.011150968261063099,"y":0.9693508744239807,"z":-0.2421705722808838,"w":-0.04515881836414337},"size":1.524744987487793,"orthographic":false}