{"cameraMode":{"drawMode":0,"name":"Shaded","section":"Shading Mode"},"sceneLighting":true,"audioPlay":false,"sceneViewState":{"m_AlwaysRefresh":false,"showFog":true,"showSkybox":true,"showFlares":true,"showImageEffects":true,"showParticleSystems":true,"showVisualEffectGraphs":true,"m_FxEnabled":true},"in2DMode":false,"pivot":{"x":-0.6317232847213745,"y":2.7782602310180666,"z":2.254732847213745},"rotation":{"x":0.39580804109573367,"y":-0.07498319447040558,"z":0.03270815685391426,"w":0.9149510264396668},"size":3.768867254257202,"orthographic":false}