{"cameraMode":{"drawMode":0,"name":"Shaded","section":"Shading Mode"},"sceneLighting":true,"audioPlay":false,"sceneViewState":{"m_AlwaysRefresh":false,"showFog":true,"showSkybox":true,"showFlares":true,"showImageEffects":true,"showParticleSystems":true,"showVisualEffectGraphs":true,"m_FxEnabled":true},"in2DMode":false,"pivot":{"x":3.7198495864868166,"y":8.853346824645996,"z":-22.094446182250978},"rotation":{"x":0.34682968258857729,"y":0.09052350372076035,"z":-0.03342171758413315,"w":0.9332151412963867},"size":14.948905944824219,"orthographic":false}